Code,Gift,Expire Date
(No code - Receive via the Internet),10 TM223 (Metal Sound),'Mid Jan' 2024
L1KEAFLUTE,Cetitan,31st Aug 2024 - 06:59 PT
SWEET0RSP1CY,"1x Sweet Herba Mystica OR
1x Spicy Herba Mystica",30th Sep 2024 - 06:59 PT
TEAMSTAR,Revavroom,"31st Oct, 2024 - 06:59 PT"
SEEY0U1NPALDEA,Chest-Form Gimmighoul,"30th Nov, 2024 - 06:59 PT"
WEARTERASTALCAP,Terastal Cap,"30th Nov, 2024 - 06:59 PT"
SUPEREFFECT1VE,Expert Belt,"28th Feb, 2025 - 06:59 PT"
G0TCHAP0KEM0N,30 Quick Balls,"28th Feb, 2025 - 06:59 PT"
